Title,Media URL,Pinterest board,Description,Link,Keywords
"Dyson just announced its first-ever handheld fan, with a motor that spins up to",https://m.media-amazon.com/images/I/51aAC9Qu3RL._AC_SL1500_.jpg,SmartyPants2786,"Dyson just announced its first-ever handheld fan, with a motor that spins up to 65,000 RPM #CoolGadgets #TechGadgets #GadgetLover #Innovation",https://www.amazon.com/s?k=Dyson+just+announced+its+first-ever+handheld+fan%2C+with+a+motor+that+spins+up+to+&tag=allitechstore-20,"cool, gadgets,, gizmos"
Naturally Occurring Bacteria Completely Eradicate Tumors in Mice With a Single D,https://m.media-amazon.com/images/I/61XXU2vYucL._AC_SL1500_.jpg,SmartyPants2786,Naturally Occurring Bacteria Completely Eradicate Tumors in Mice With a Single Dose #CoolGadgets #TechGadgets #GadgetLover #Innovation,https://www.amazon.com/s?k=Naturally+Occurring+Bacteria+Completely+Eradicate+Tumors+in+Mice+With+a+Single+D&tag=allitechstore-20,"cool, gadgets,, gizmos"
"More than half are 'getting tired of hearing' about AI, survey finds",https://m.media-amazon.com/images/I/7104mp7IfxL._AC_SL1500_.jpg,SmartyPants2786,"More than half are 'getting tired of hearing' about AI, survey finds #CoolGadgets #TechGadgets #GadgetLover #Innovation",https://www.amazon.com/s?k=More+than+half+are+%27getting+tired+of+hearing%27+about+AI%2C+survey+finds&tag=allitechstore-20,"cool, gadgets,, gizmos"
Report: Apple's foldable iPhone may be delayed due to engineering snags,https://m.media-amazon.com/images/I/71eMXXjEHuL._AC_SL1500_.jpg,SmartyPants2786,Report: Apple's foldable iPhone may be delayed due to engineering snags #PhoneTech #MobileGadgets #SmartphoneAccessories,https://www.amazon.com/s?k=Report%3A+Apple%27s+foldable+iPhone+may+be+delayed+due+to+engineering+snags&tag=allitechstore-20,"phone,, tablet, accessories"
"Former Bethesda exec thinks the studio should get more respect for the complex,",https://m.media-amazon.com/images/I/61j+YEIX2DL._AC_SL1500_.jpg,SmartyPants2786,"Former Bethesda exec thinks the studio should get more respect for the complex, open worlds it creates: ""Go try that s**t in Red Dead Redemption 2"" | #CoolGadgets #TechGadgets #GadgetLover #Innovation",https://www.amazon.com/s?k=Former+Bethesda+exec+thinks+the+studio+should+get+more+respect+for+the+complex%2C+&tag=allitechstore-20,"cool, gadgets,, gizmos"
Apple has removed most of the towns and villages in Lebanon from Apple maps,https://m.media-amazon.com/images/I/81M6XRmH3SL._AC_SL1500_.jpg,SmartyPants2786,Apple has removed most of the towns and villages in Lebanon from Apple maps #CoolGadgets #TechGadgets #GadgetLover #Innovation,https://www.amazon.com/s?k=Apple+has+removed+most+of+the+towns+and+villages+in+Lebanon+from+Apple+maps&tag=allitechstore-20,"cool, gadgets,, gizmos"
User anger as Amazon ends support for some older Kindles,https://m.media-amazon.com/images/I/61nRhJ2PD5L._AC_SL1500_.jpg,SmartyPants2786,User anger as Amazon ends support for some older Kindles #CoolGadgets #TechGadgets #GadgetLover #Innovation,https://www.amazon.com/s?k=User+anger+as+Amazon+ends+support+for+some+older+Kindles&tag=allitechstore-20,"cool, gadgets,, gizmos"
"Samsung's Galaxy Z Fold 7 Just Got a Price Hike, 9 Months After Its Release",https://m.media-amazon.com/images/I/61Jjxzg7Q1L._AC_SL1500_.jpg,SmartyPants2786,"Samsung's Galaxy Z Fold 7 Just Got a Price Hike, 9 Months After Its Release #PhoneTech #MobileGadgets #SmartphoneAccessories",https://www.amazon.com/s?k=Samsung%27s+Galaxy+Z+Fold+7+Just+Got+a+Price+Hike%2C+9+Months+After+Its+Release&tag=allitechstore-20,"phone,, tablet, accessories"
Apple Reportedly Testing AI Glasses in Several Frame Styles,https://m.media-amazon.com/images/I/51WOsDcAvXL._AC_SL1500_.jpg,SmartyPants2786,Apple Reportedly Testing AI Glasses in Several Frame Styles #CoolGadgets #TechGadgets #GadgetLover #Innovation,https://www.amazon.com/s?k=Apple+Reportedly+Testing+AI+Glasses+in+Several+Frame+Styles&tag=allitechstore-20,"cool, gadgets,, gizmos"
Samsung’s Galaxy S27 ‘Pro’ could squeeze in between the Ultra and Plus phones,https://m.media-amazon.com/images/I/611f9juUDdL._AC_SL1500_.jpg,SmartyPants2786,Samsung’s Galaxy S27 ‘Pro’ could squeeze in between the Ultra and Plus phones #PhoneTech #MobileGadgets #SmartphoneAccessories,https://www.amazon.com/s?k=Samsung%E2%80%99s+Galaxy+S27+%E2%80%98Pro%E2%80%99+could+squeeze+in+between+the+Ultra+and+Plus+phones&tag=allitechstore-20,"phone,, tablet, accessories"
Google's Next Fitbit Sounds Exactly Like a Whoop Clone,https://m.media-amazon.com/images/I/61cUcddvDqL._AC_SL1500_.jpg,SmartyPants2786,Google's Next Fitbit Sounds Exactly Like a Whoop Clone #CoolGadgets #TechGadgets #GadgetLover #Innovation,https://www.amazon.com/s?k=Google%27s+Next+Fitbit+Sounds+Exactly+Like+a+Whoop+Clone&tag=allitechstore-20,"cool, gadgets,, gizmos"
Sony Inzone H6 Air specs leaked ahead of official reveal,https://m.media-amazon.com/images/I/61c1VjE2mSL._AC_SL1500_.jpg,SmartyPants2786,Sony Inzone H6 Air specs leaked ahead of official reveal #CoolGadgets #TechGadgets #GadgetLover #Innovation,https://www.amazon.com/s?k=Sony+Inzone+H6+Air+specs+leaked+ahead+of+official+reveal&tag=allitechstore-20,"cool, gadgets,, gizmos"
Aqara Thermostat Hub W200 Review: Almost Better than My Ecobee,https://m.media-amazon.com/images/I/61ZR0xzgXbL._AC_SL1500_.jpg,SmartyPants2786,Aqara Thermostat Hub W200 Review: Almost Better than My Ecobee #SmartHome #IoT #HomeAutomation #TechHome #GadgetGoals,https://www.amazon.com/s?k=Aqara+Thermostat+Hub+W200+Review%3A+Almost+Better+than+My+Ecobee&tag=allitechstore-20,"smart, home,, iot"
JBL Live 780NC and 680NC,https://m.media-amazon.com/images/I/71LCzmFerWL._AC_SL1500_.jpg,SmartyPants2786,"JBL Live 780NC and 680NC review: Great leaps, greater missteps #CoolGadgets #TechGadgets #GadgetLover #Innovation",https://www.amazon.com/s?k=JBL+Live+780NC+and+680NC&tag=allitechstore-20,"cool, gadgets,, gizmos"
ASUS ZenBook A16,https://m.media-amazon.com/images/I/71qMcpksvGL._AC_SL1500_.jpg,SmartyPants2786,ASUS ZenBook A16 review: A surprisingly light and powerful 16-inch ultraportable #CoolGadgets #TechGadgets #GadgetLover #Innovation,https://www.amazon.com/s?k=ASUS+ZenBook+A16&tag=allitechstore-20,"cool, gadgets,, gizmos"
Google Search Please click  here  if you are not redirected within a few seconds,https://m.media-amazon.com/images/I/51vdYL+gJtL._AC_SL1500_.jpg,SmartyPants2786,"Google Search Please click  here  if you are not redirected within a few seconds. If you're having trouble accessing Google Search, please  click here #CoolGadgets #TechGadgets #GadgetLover #Innovation",https://www.amazon.com/s?k=Google+Search+Please+click++here++if+you+are+not+redirected+within+a+few+seconds&tag=allitechstore-20,"cool, gadgets,, gizmos"
